<?xml version="1.0" encoding="UTF-8"?>
<Workflow
  locale="gw.api.util.LocaleUtil.toLanguage(PolicyPeriod.Policy.PrimaryLanguage)"
  subtype="StartRenewalWF"
  version="1"
  xmlns:xsi="http://www.w3.org/2001/XMLSchema-instance"
  xsi:noNamespaceSchemaLocation="workflow.xsd">
  <Context>
    <Symbol
      name="PolicyPeriod"
      type="PolicyPeriod"
      value="Workflow.PolicyPeriod"/>
    <Symbol
      name="Renewal"
      type="Renewal"
      value="Workflow.PolicyPeriod.Renewal"/>
  </Context>
  <Start
    firstStep="Begin"/>
  <AutoStep
    desc="Begin"
    id="Begin"
    layoutid="29216150">
    <Enter><![CDATA[PolicyPeriod.RenewalProcess.runMethodAsRenewalUser("beginAutomaticRenewal")]]></Enter>
    <Go
      desc=""
      id="Done"
      layoutid="10225125"
      nextStep="Done"/>
    <StepLocalization
      locale="zh_CN"
      name="开始"/>
    <StepLocalization
      locale="de"
      name="Anfang"/>
    <StepLocalization
      locale="es"
      name="Comienzo"/>
    <StepLocalization
      locale="pt"
      name="Início"/>
    <StepLocalization
      locale="fr"
      name="Commencer"/>
    <StepLocalization
      locale="ru"
      name="Начать"/>
    <StepLocalization
      locale="ja"
      name="開始"/>
    <StepLocalization
      locale="it"
      name="Inizio"/>
    <StepLocalization
      locale="nl"
      name="Begin"/>
  </AutoStep>
  <Finish/>
  <Outcome
    desc="Done"
    id="Done"
    layoutid="30032493">
    <StepLocalization
      locale="zh_CN"
      name="完成"/>
    <StepLocalization
      locale="de"
      name="Fertig"/>
    <StepLocalization
      locale="es"
      name="Listo"/>
    <StepLocalization
      locale="pt"
      name="Concluído"/>
    <StepLocalization
      locale="fr"
      name="Terminé"/>
    <StepLocalization
      locale="ru"
      name="Выполнено"/>
    <StepLocalization
      locale="ja"
      name="完了"/>
    <StepLocalization
      locale="it"
      name="Fine"/>
    <StepLocalization
      locale="nl"
      name="Gereed"/>
  </Outcome>
  <Layout>
    <BoxUI
      height="4"
      layoutid="29216150"
      width="20"
      x="-69"
      y="-68"/>
    <BoxUI
      height="4"
      layoutid="33245686"
      width="8"
      x="9"
      y="11"/>
    <ArrowUI
      layoutid="25221994"
      visible="true">
      <PointUI
        x="22"
        y="-46"/>
      <PointUI
        x="35"
        y="-46"/>
      <PointUI
        x="35"
        y="-20"/>
    </ArrowUI>
    <ArrowUI
      layoutid="12914162"
      visible="true">
      <PointUI
        x="2"
        y="-47"/>
      <PointUI
        x="-34"
        y="-47"/>
      <PointUI
        x="-34"
        y="-20"/>
    </ArrowUI>
    <ArrowUI
      layoutid="18254659"
      visible="true">
      <PointUI
        x="2"
        y="-45"/>
      <PointUI
        x="-11"
        y="-45"/>
      <PointUI
        x="-11"
        y="-20"/>
    </ArrowUI>
    <ArrowUI
      layoutid="17883230"
      visible="true">
      <PointUI
        x="12"
        y="-44"/>
      <PointUI
        x="12"
        y="-34"/>
    </ArrowUI>
    <ArrowUI
      layoutid="16404315"
      visible="true">
      <PointUI
        x="12"
        y="-30"/>
      <PointUI
        x="12"
        y="-20"/>
    </ArrowUI>
    <ArrowUI
      layoutid="24117950"
      visible="true">
      <PointUI
        x="22"
        y="-32"/>
      <PointUI
        x="29"
        y="-32"/>
      <PointUI
        x="29"
        y="-20"/>
    </ArrowUI>
    <BoxUI
      height="4"
      layoutid="30032493"
      width="10"
      x="-64"
      y="-57"/>
    <ArrowUI
      layoutid="10225125"
      visible="true">
      <PointUI
        x="-59"
        y="-64"/>
      <PointUI
        x="-59"
        y="-57"/>
    </ArrowUI>
  </Layout>
</Workflow>
