<?xml version="1.0" encoding="UTF-8"?>
<StateSets xmlns:xsi="http://www.w3.org/2001/XMLSchema-instance"
           xsi:noNamespaceSchemaLocation="StateSets.xsd">

  <StateSet name="CANY" states="CA,NY"/>
  <StateSet name="TXGA" states="TX,GA"/>
  <StateSet name="PipStates" states="AR,DC,DE,FL,HI,KS,KY,MA,MD,MI,MN,ND,NJ,NY,OR,PA,TX,UT,WA"/>
  <StateSet name="BATerrorMinStatStates" states="CT,HI,KS,KY,NJ,OK,OR"/>
  <StateSet name="BATerrorStates" states="AL,AZ,CA,CO,DE,DC,ID,IL,IN,IA,LA,ME,MD,MI,MS,MT,NE,NV,NH,NM,NC,ND,PA,RI,SC,SD,TN,UT,VT,WV,WI,WY,AR,MO,MN,OH,WA"/>
  <StateSet name="US50" states="AK,AL,AR,AZ,CA,CO,CT,DC,DE,FL,GA,HI,IA,ID,IL,IN,KS,KY,LA,MA,MD,ME,MI,MN,MO,MS,MT,NC,ND,NE,NH,NJ,NM,NV,NY,OH,OK,OR,PA,RI,SC,SD,TN,TX,UT,VA,VT,WA,WI,WV,WY"/>
  <StateSet name="BAUMPDStates" states="AK,AR,CA,DC,GA,IN,LA,MD,MS,NC,NH,NM,OR,RI,SC,TN,TX,UT,VT,VA,WA,WV"/>
  <StateSet name="WCNotMonopolistic" states="AK,AL,AR,AZ,CA,CO,CT,DC,DE,FL,GA,HI,IA,ID,IL,IN,KS,KY,LA,MA,MD,ME,MI,MN,MO,MS,MT,NC,NE,NH,NJ,NM,NV,NY,OK,OR,PA,RI,SC,SD,TN,TX,UT,VA,VT,WI,WV"/>
  <StateSet name="WCMonopolistic" states="OH,ND,WA,WY"/>
  <StateSet name="TaxLocation" states="AL,FL,GA,KY,LA,NJ,SC"/>
  <StateSet name="NCCI" states="AK,AL,AZ,AR,CO,CT,DC,FL,GA,HI,ID,IL,IN,IA,KS,KY,LA,ME,MD,MS,MO,MT,NE,NV,NH,NM,OK,OR,RI,SC,SD,TN,UT,VT,VA,WV"/>
  <StateSet name="NonNCCI" states="CA,DE,MA,MI,MN,NJ,NY,NC,ND,OH,PA,PR,TX,WA,WI,WY"/>

</StateSets>
